,url,time_in_seconds,level
0,https://west.uni-koblenz.de/en,3.084176302,0
1,https://west.uni-koblenz.de/en/feed.xml,1.443082571,1
2,https://west.uni-koblenz.de/en/services,2.546145916,1
3,https://west.uni-koblenz.de/en/about-us,2.784159184,1
4,https://west.uni-koblenz.de/en/studying,2.72515583,1
5,https://west.uni-koblenz.de/en/jobs,2.832161665,1
6,https://west.uni-koblenz.de/en/news,3.023172855,1
7,https://west.uni-koblenz.de/en/start-en,3.365192413,1
8,https://west.uni-koblenz.de/en/jobs,3.25818634,1
9,https://west.uni-koblenz.de/en/about-us,3.427196026,1
10,https://west.uni-koblenz.de/en/about-us,3.422195673,1
11,https://west.uni-koblenz.de/en/start-en,3.490199566,1
12,https://west.uni-koblenz.de/en/about-us,3.511200905,1
13,https://west.uni-koblenz.de/en/studying/courses,3.813217878,1
14,https://west.uni-koblenz.de/en/about-us/sociamedia,6.501371861,1
15,https://west.uni-koblenz.de/en/about-us/mission-statement,6.685382366,1
16,https://west.uni-koblenz.de/en/events,6.590377092,1
17,https://west.uni-koblenz.de/en/node/3,7.278416157,1
18,https://west.uni-koblenz.de/en/research/datasets,3.981227398,1
19,https://west.uni-koblenz.de/en/node/3,5.998342752,1
20,https://west.uni-koblenz.de/en/services/software,4.291245699,1
21,https://west.uni-koblenz.de/en/research/researchtopics,4.815275192,1
22,https://west.uni-koblenz.de/en/research/projects,4.98328495,1
23,https://west.uni-koblenz.de/en/about-us/team,7.584433794,1
24,https://west.uni-koblenz.de/en/research/publications,5.305303335,1
25,https://west.uni-koblenz.de/en/node/3,6.202354908,1
26,https://west.uni-koblenz.de/en/studying/courses,5.257300377,1
27,https://west.uni-koblenz.de/en/studying/open-scientific-theses,5.587319613,1
28,https://west.uni-koblenz.de/en/studying/master-theses,5.487313509,1
29,https://west.uni-koblenz.de/en/studying,6.022344589,1
30,https://west.uni-koblenz.de/en/studying,6.324361563,1
31,https://west.uni-koblenz.de/en/faq-applicants,2.747157335,1
32,https://west.uni-koblenz.de/en/services,3.158180714,1
33,https://west.uni-koblenz.de/en/services/r-and-d-consulting,3.189182043,1
34,https://west.uni-koblenz.de/en/services,3.341191053,1
35,https://west.uni-koblenz.de/en/about-us/location-plan,10.1315794,1
36,https://west.uni-koblenz.de/en/about-us/partners,0,1
37,https://west.uni-koblenz.de/en/services/applications,3.235185146,1
38,https://west.uni-koblenz.de/en/faq-students,3.792216778,1
39,https://west.uni-koblenz.de/en/services/software,3.543202639,1
40,https://west.uni-koblenz.de/en/jobs,3.286187887,1
41,https://west.uni-koblenz.de/en/jobs#scholarships,2.939168215,1
42,https://west.uni-koblenz.de/en/mws,7.566432953,1
43,https://west.uni-koblenz.de/en/jobs-and-internships/application-form,2.287130833,1
44,https://west.uni-koblenz.de/en/jobs#academicstaff,3.415195227,1
45,https://west.uni-koblenz.de/en/jobs#studentassistants,2.721155643,1
46,https://west.uni-koblenz.de/en/news,3.212183714,1
47,https://west.uni-koblenz.de/en/news,3.157180548,1
48,https://west.uni-koblenz.de/en/talks,3.118178368,1
49,https://west.uni-koblenz.de/en/studying/master-web-science,0,1
50,https://west.uni-koblenz.de/en/jobs-and-internships/job-newsletter,5.168295622,1
51,https://west.uni-koblenz.de/en/news/invited-talk-rienstra-second-chinese-conference-logic-and-argumentation,3.845220089,1
52,https://west.uni-koblenz.de/en/news/nine-private-things-amazon-knows-about-you,4.019229889,1
53,https://west.uni-koblenz.de/en/news/talks/implementation-explicit-knowledge-deep-learning,3.828218937,1
54,https://west.uni-koblenz.de/en/talks/introduction-online-participation-processes-green-party-germany,3.795217037,1
55,https://west.uni-koblenz.de/en/research/researchtopics,4.884279251,1
56,https://west.uni-koblenz.de/en/studying,4.332247734,1
57,https://west.uni-koblenz.de/en/talks/stochastic-local-search-algorithms-abstract-argumentation-under-stable-semantics,4.174238682,1
58,https://west.uni-koblenz.de/en/news/reference-extraction-made-easy,4.939282417,1
59,https://west.uni-koblenz.de/en/talks/coping-limited-training-data-verb-phrase-ellipsis-detection-using-machine-learning,4.115235329,1
60,https://west.uni-koblenz.de/en/thesis-process,8.582490921,1
61,https://west.uni-koblenz.de/en/jobs-and-internships/open-positions-at-west-institute,5.189296961,1
62,https://west.uni-koblenz.de/en/news,4.999285936,1
63,https://west.uni-koblenz.de/en/talks,4.431253433,1
64,https://west.uni-koblenz.de/en/about-us,3.449197292,1
65,https://west.uni-koblenz.de/en/about-us,4.209240675,1
66,https://west.uni-koblenz.de/en/about-us/mission-statement,3.602205992,1
67,https://west.uni-koblenz.de/en/news/award-best-video-international-eye-tracking-conference-etra-warsaw,6.639379978,1
68,https://west.uni-koblenz.de/en/start-en,4.555260658,1
69,https://west.uni-koblenz.de/en/about-us/partners,3.671209812,1
70,https://west.uni-koblenz.de/en/about-us/sociamedia,3.165180922,1
71,https://west.uni-koblenz.de/en/about-us/location-plan,3.888222456,1
72,https://west.uni-koblenz.de/en/node/3,3.239185333,1
73,https://west.uni-koblenz.de/en/studying,3.53020215,1
74,https://west.uni-koblenz.de/en/studying,3.530201912,1
75,https://west.uni-koblenz.de/en/services/software,3.888222456,1
76,https://west.uni-koblenz.de/en/research/researchtopics,4.107235193,1
77,https://west.uni-koblenz.de/de,0,1
78,https://west.uni-koblenz.de/en/node/3,4.801274538,1
79,https://west.uni-koblenz.de/en/research/datasets,4.606263638,1
80,https://west.uni-koblenz.de/en/research/projects,5.255300522,1
81,https://west.uni-koblenz.de/en/events,5.89333725,1
82,https://west.uni-koblenz.de/en/mws,4.713269472,1
83,https://west.uni-koblenz.de/en/faq-applicants,4.180239201,1
84,https://west.uni-koblenz.de/en/services/applications,2.113120794,1
85,https://west.uni-koblenz.de/en/services,3.368192434,1
86,https://west.uni-koblenz.de/en/services,3.622207165,1
87,https://west.uni-koblenz.de/en/services/r-and-d-consulting,2.991171122,1
88,https://west.uni-koblenz.de/en/faq-students,4.098234653,1
89,https://west.uni-koblenz.de/en/thesis-process,4.088233948,1
90,https://west.uni-koblenz.de/en/services/software,3.217184067,1
91,https://west.uni-koblenz.de/en/jobs-and-internships/job-newsletter,2.096119881,1
92,https://west.uni-koblenz.de/en/jobs,3.484199286,1
93,https://west.uni-koblenz.de/en/jobs#studentassistants,3.004171848,1
94,https://west.uni-koblenz.de/en/jobs#scholarships,3.296188593,1
95,https://west.uni-koblenz.de/en/jobs#academicstaff,3.663209677,1
96,https://west.uni-koblenz.de/en/jobs-and-internships/application-form,2.754157543,1
97,https://west.uni-koblenz.de/en/news,2.144122362,1
98,https://west.uni-koblenz.de/en/studying/master-theses,6.56137538,1
99,https://west.uni-koblenz.de/en/news,2.834162235,1
100,https://west.uni-koblenz.de/en/studying/open-scientific-theses,6.877393484,1
101,https://west.uni-koblenz.de/en/user?current=node/3521,2.120121241,1
102,https://west.uni-koblenz.de/en/about-us/contact,1.998114347,1
103,https://west.uni-koblenz.de/en/talks,2.74915719,1
104,https://west.uni-koblenz.de/en/studying/courses,7.421424389,1
105,https://west.uni-koblenz.de/de/forschung,1.907109022,2
106,https://west.uni-koblenz.de/en/about-us/team,10.1225791,1
107,https://west.uni-koblenz.de/de/dienstleistungen,2.205126047,2
108,https://west.uni-koblenz.de/en/imprint,2.805160284,1
109,https://west.uni-koblenz.de/news/evowipe-paper-received-reviewers-favorite-recognition,0,2
110,https://west.uni-koblenz.de/en/privacy-policy,2.732156277,1
111,https://west.uni-koblenz.de/en/stellenangebote/student-assistants,2.193125486,2
112,https://west.uni-koblenz.de/de/studium,1.60509181,2
113,https://west.uni-koblenz.de/en/jobs/mldm2017,2.560146332,2
114,https://west.uni-koblenz.de/de/ueber-uns,2.173124313,2
115,https://west.uni-koblenz.de/en/research/publications,10.35859251,1
116,https://west.uni-koblenz.de/en/research,2.580147743,2
117,https://west.uni-koblenz.de/en/jobs-and-internships/phd-scholarships,2.910166502,2
118,https://west.uni-koblenz.de/en/user?current=node/3548,2.602148771,2
119,https://west.uni-koblenz.de/en/user?current=node/145,2.918166876,2
120,https://west.uni-koblenz.de/en/user?current=node/140,2.498142719,2
121,https://west.uni-koblenz.de/research/gazemining,1.933110476,2
122,https://west.uni-koblenz.de/en/user?current=node/3486,2.303131819,2
123,https://west.uni-koblenz.de/de/news,2.211126566,2
124,https://west.uni-koblenz.de/de/stellenangebote,2.653151751,2
125,https://west.uni-koblenz.de/en/news/gazetheweb-live-demo-cebit-2018,1.944111109,2
126,https://west.uni-koblenz.de/en/news/gazetheweb-live-demo-cebit-2018,1.861106634,2
127,https://west.uni-koblenz.de/en/news/evowipe-paper-received-reviewers-favorite-recognition,2.033116102,2
128,https://west.uni-koblenz.de/en/news/evowipe-paper-received-reviewers-favorite-recognition,2.12912178,2
129,https://west.uni-koblenz.de/en/news/dkbkik2018-7th-workshop,2.259129047,2
130,https://west.uni-koblenz.de/en/yaf2.xml,0,2
131,https://west.uni-koblenz.de/en/news/tutorial-implementing-kr-approaches-tweety,3.518201351,2
132,https://west.uni-koblenz.de/en/news?page=1,2.855163336,2
133,https://west.uni-koblenz.de/en/news/tutorial-implementing-kr-approaches-tweety,3.797216892,2
134,https://west.uni-koblenz.de/en/news?page=6,2.894165516,2
135,https://west.uni-koblenz.de/en/news?page=4,3.158180475,2
136,https://west.uni-koblenz.de/en/news?page=2,3.514201164,2
137,https://west.uni-koblenz.de/en/user?current=node/3589,2.430138826,2
138,https://west.uni-koblenz.de/en/news/deutsche-welle-interviews-professor-staab,3.860220909,2
139,https://west.uni-koblenz.de/en/news?page=5,3.626207352,2
140,https://west.uni-koblenz.de/en/news?page=3,4.144237041,2
141,https://west.uni-koblenz.de/en/news/gazetheweb-project-integrates-multimodal-browsing-gaze,6.076347351,2
142,https://west.uni-koblenz.de/en/news/dkbkik2018-7th-workshop,5.192296982,2
143,https://west.uni-koblenz.de/en/news/deutsche-welle-interviews-professor-staab,5.02528739,2
144,https://west.uni-koblenz.de/en/news?page=13,4.001228809,2
145,https://west.uni-koblenz.de/en/news?page=8,4.606263399,2
146,https://west.uni-koblenz.de/en/news?page=1,4.618264198,2
147,https://west.uni-koblenz.de/en/news?page=7,4.755271912,2
148,https://west.uni-koblenz.de/en/studying/courses/ws1819/grundlagen-der-datenbanken,2.13212204,2
149,https://west.uni-koblenz.de/en/studying/courses/ws1819/data-science,2.760158062,2
150,https://west.uni-koblenz.de/de/studium/lehrveranstaltungen,4.082233667,2
151,https://west.uni-koblenz.de/en/studying/courses/ws1819/forschungspraktikum-sensory-data,2.833161831,2
152,https://west.uni-koblenz.de/en/studying/courses/ws1819/algorithmen-und-datenstrukturen,3.101177454,2
153,https://west.uni-koblenz.de/en/studying/courses/ws1819/research-lab-eye-tracking,2.703154325,2
154,https://west.uni-koblenz.de/en/studying/courses/ws1819/introduction-web-science,3.522201538,2
155,https://west.uni-koblenz.de/en/studying/courses/ws1819/oberseminar-west,2.612149239,2
156,https://west.uni-koblenz.de/en/studying/courses/ws1819/seminar-distributed-ledger-technologies-data-integrity,2.547145367,2
157,https://west.uni-koblenz.de/en/studying/courses/ss18/artificial-intelligence-1,2.253129005,2
158,https://west.uni-koblenz.de/en/studying/courses/ws1819/machine-learning-and-data-mining,2.946168423,2
159,https://west.uni-koblenz.de/en/studying/courses/ws1819/seminar-formal-argumentation,2.738156557,2
160,https://west.uni-koblenz.de/en/studying/courses/ss18/computational-social-science,2.115120888,2
161,https://west.uni-koblenz.de/en/studying/courses/ss18/course-introduction-all-new-web-science-students-sommer-2018,2.149122953,2
162,https://west.uni-koblenz.de/en/studying/courses/ss18/forschungspraktikum-artificial-intelligence-approaches-real-time-strategy,2.277130127,2
163,https://west.uni-koblenz.de/en/studying/courses/ss18/forschungspraktikumprojektpraktikum-social-bots-identification-twitter,2.66515255,2
164,https://west.uni-koblenz.de/en/studying/courses/ss18/network-theory-and-dynamic-systems,2.592148304,2
165,https://west.uni-koblenz.de/en/studying/courses/ss18/proseminar-approximationsalgorithmen,2.760157585,2
166,https://west.uni-koblenz.de/en/news/gazetheweb-project-integrates-multimodal-browsing-gaze,0,2
167,https://west.uni-koblenz.de/en/studying/courses/ss18/seminar-data-analysis-0,2.840162277,2
168,https://west.uni-koblenz.de/en/studying/courses/ws1819/seminar-commonsense-reasoning,3.023172855,2
169,https://west.uni-koblenz.de/en/studying/courses/ss18/semantic-web,3.375193119,2
170,https://west.uni-koblenz.de/en/studying/courses/ws1718/course-introduction-new-web-science-students,4.042231321,2
171,https://west.uni-koblenz.de/en/studying/courses/ws1718/projektpraktikum-computational-social-science,4.446254253,2
172,https://west.uni-koblenz.de/en/studying/courses/ws1718/projektpraktikum-gaze-theWeb,4.168238163,2
173,https://west.uni-koblenz.de/en/studying/courses/ws1718/projektpraktikum-deep-learning,4.512258053,2
174,https://west.uni-koblenz.de/en/studying/courses/ws1718/forschungspraktikum-Eye-tracking-data-analytics,5.089291096,2
175,https://west.uni-koblenz.de/en/studying/courses/ws1718/forschungspraktikum-computational-social-science,5.345305681,2
176,https://west.uni-koblenz.de/en/studying/courses/ws1718/seminar-industrial-data-space-governable-data-exchange,3.811218023,2
177,https://west.uni-koblenz.de/en/studying/courses/ws1718/algorithmen-und-datenstrukturen,5.653323174,2
178,https://west.uni-koblenz.de/en/studying/courses/ws1718/projektpraktikum-Eye-tracking-data-analytics,4.821275711,2
179,https://west.uni-koblenz.de/en/studying/courses/ws1718/seminar-formale-argumentation,4.155237198,2
180,https://west.uni-koblenz.de/en/studying/courses/ss18/web-information-retrieval,6.204355001,2
181,https://west.uni-koblenz.de/en/studying/courses/ws1617/course-introduction-all-new-web-science-students-summer-term-2017,3.599205494,2
182,https://west.uni-koblenz.de/en/studying/courses/ss18/seminar-distributed-ledger-technologies-data-integrity,4.164238214,2
183,https://west.uni-koblenz.de/en/studying/courses/ss17/computational-social-science,3.805217743,2
184,https://west.uni-koblenz.de/en/studying/courses/ws1718/machine-learning-and-data-mining-1,5.73832798,2
185,https://west.uni-koblenz.de/en/studying/courses/ss17/data-science,3.890222549,2
186,https://west.uni-koblenz.de/en/studying/courses/ws1718/introduction-web-science,5.976341724,2
187,https://west.uni-koblenz.de/en/studying/courses/ws1718/grundlagen-der-datenbanken,6.248357296,2
188,https://west.uni-koblenz.de/en/studying/courses/ws1718/forschungspraktikum-deep-learning,6.532373428,2
189,https://west.uni-koblenz.de/en/studying/courses/ss17/kuenstliche-intelligenz-1,2.155123234,2
190,https://west.uni-koblenz.de/en/studying/courses/ss17/proseminar-graphenalgorithmen,4.022230148,2
191,https://west.uni-koblenz.de/en/studying/courses/ws1617/forschungspraktikum-digitalisierung-burger-und-demokratie-entfallt,5.473313093,2
192,https://west.uni-koblenz.de/en/studying/courses/ws1617/workshop-german-academia-and-scientific-writing,4.199239969,2
193,https://west.uni-koblenz.de/en/studying/courses/ss17/projektpraktikum-text-mining,4.781273365,2
194,https://west.uni-koblenz.de/en/studying/courses/ws1617/course-introduction-new-mws-students,4.37525034,2
195,https://west.uni-koblenz.de/en/studying/courses/ss17/seminar-changes-in-description-logic-ontologies,5.018287182,2
196,https://west.uni-koblenz.de/en/studying/courses/ss17/seminar-big-data,5.152294636,2
197,https://west.uni-koblenz.de/en/studying/courses/ss17/forschungspraktikum-text-mining,8.171467304,2
198,https://west.uni-koblenz.de/en/studying/courses/ws1617/computational-social-science,4.768272877,2
199,https://west.uni-koblenz.de/en/studying/courses/ws1617/pp-computational-social-science,3.690211058,2
200,https://west.uni-koblenz.de/en/studying/courses/ws1617/forschungspraktikumpraktikum-eye-and-brain-computer-interfaces,4.829276085,2
201,https://west.uni-koblenz.de/en/studying/courses/ws1617/projektpraktikum-eye-and-brain-computer-interfaces,4.541259527,2
202,https://west.uni-koblenz.de/en/studying/courses/ss17/web-information-retrieval,5.595319986,2
203,https://west.uni-koblenz.de/en/studying/courses/ws1617/introduction-to-web-science,4.904280424,2
204,https://west.uni-koblenz.de/en/studying/courses/ws1617/algorithmen-und-datenstrukturen,5.431310654,2
205,https://west.uni-koblenz.de/en/studium/lehrveranstaltungen/ws1617/probabilistic-functional-programming,4.937282324,2
206,https://west.uni-koblenz.de/en/studying/courses/ss17/semantic-web,6.200354576,2
207,https://west.uni-koblenz.de/en/studying/courses/ws1617/proseminar-collaborative-filtering,2.308132172,2
208,https://west.uni-koblenz.de/en/studying/courses/ws1617/grundlagen-der-datenbanken,5.39030838,2
209,https://west.uni-koblenz.de/en/studying/courses/ws1617/seminar-political-and-cultural-analytics,2.371135473,2
210,https://west.uni-koblenz.de/en/studying/courses/ws1617/machine-learning-and-data-mining,5.313303947,2
211,https://west.uni-koblenz.de/en/studying/courses/ss16/course-introduction-for-all-new-web-science-students,1.942110777,2
212,https://west.uni-koblenz.de/en/studying/courses/ss16/computational-social-science,2.118121147,2
213,https://west.uni-koblenz.de/en/studying/courses/ss16/network-theory-and-dynamic-systems,2.328133106,2
214,https://west.uni-koblenz.de/en/studying/courses/ss16/okb,2.606149197,2
215,https://west.uni-koblenz.de/en/studying/courses/ss16/kuenstliche-intelligenz-1,2.837162256,2
216,https://west.uni-koblenz.de/en/studying/courses/ss16/okb-p,2.975170135,2
217,https://west.uni-koblenz.de/en/studying/courses/ss16/web-information-retrieval,2.653151751,2
218,https://west.uni-koblenz.de/en/studying/courses/ss16/data-science,3.759215117,2
219,https://west.uni-koblenz.de/en/studium/lehrveranstaltungen/ws1516/algorithmen-und-datenstrukturen,2.920166969,2
220,https://west.uni-koblenz.de/en/studying/courses/ws1516/course-introduction-new-web-science-students-winter-20152016,2.987170935,2
221,https://west.uni-koblenz.de/en/studying/courses/ws1516/seminar-advanced-topics-in-semantic-web-research,2.550145864,2
222,https://west.uni-koblenz.de/en/studying/courses/ss16/proseminar,3.718212605,2
223,https://west.uni-koblenz.de/en/studying/courses/ws1617/machine-learning-and-data-mining-0,3.161180735,2
224,https://west.uni-koblenz.de/en/studying/courses/ws1516/proseminar-learning-analytics-aspekte-des-machine-learnings-und-empirischer,3.079176188,2
225,https://west.uni-koblenz.de/en/studying/courses/ss16/semantic-web,3.886222363,2
226,https://west.uni-koblenz.de/en/studying/courses/ws1516/oberseminar-west,3.444196701,2
227,https://west.uni-koblenz.de/en/studying/courses/ws1516/projektpraktikum-eye-tracking,3.561203718,2
228,https://west.uni-koblenz.de/en/studying/courses/ws1516/forschungspraktikumpraktikum-eye-tracking,3.453197479,2
229,https://west.uni-koblenz.de/en/studying/courses/ws1516/workshop-german-academic-and-scientific-writing,2.269129753,2
230,https://west.uni-koblenz.de/en/studying/courses/ws1516/grundlagen-der-datenbanken,3.996228695,2
231,https://west.uni-koblenz.de/en/studying/courses/ws1516/introduction-web-science,4.000228882,2
232,https://west.uni-koblenz.de/en/studying/courses/ws1516/seminar-social-science-methodology-in-web-science-research,2.519144058,2
233,https://west.uni-koblenz.de/en/studying/courses/ss15/computational-social-science,2.218126774,2
234,https://west.uni-koblenz.de/en/studying/courses/ss15/intro_mws,2.162123442,2
235,https://west.uni-koblenz.de/en/studium/lehrveranstaltungen/ss15/data-science,2.158123493,2
236,https://west.uni-koblenz.de/en/studying/courses/ss17/network-theory-and-dynamic-systems,11.20764112,2
237,https://west.uni-koblenz.de/en/studium/lehrveranstaltungen/ss15/projektpraktikum-linked-data-analytics,2.312132359,2
238,https://west.uni-koblenz.de/en/studying/courses/ss16/seminar-advanced-topics-in-network-science,5.987342358,2
239,https://west.uni-koblenz.de/en/studium/lehrveranstaltungen/ss15/graphalgorithmen,2.36613512,2
240,https://west.uni-koblenz.de/en/studium/lehrveranstaltungen/ss15/oberseminar,2.65615201,2
241,https://west.uni-koblenz.de/en/studium/lehrveranstaltungen/ss15/research-lab-linked-data-analytics,2.369135618,2
242,https://west.uni-koblenz.de/en/studium/lehrveranstaltungen/ss15/network-theory-dynamic-systems,2.912166595,2
243,https://west.uni-koblenz.de/en/studium/lehrveranstaltungen/ss15/kuenstliche-intelligenz,3.053174496,2
244,https://west.uni-koblenz.de/en/studium/lehrveranstaltungen/ss15/semantic-web,2.754157543,2
245,https://west.uni-koblenz.de/en/studium/lehrveranstaltungen/ws1415/gddb,2.553146124,2
246,https://west.uni-koblenz.de/en/studium/lehrveranstaltungen/ws1415/forschungspraktikum,2.818161011,2
247,https://west.uni-koblenz.de/en/studium/lehrveranstaltungen/ws1415/proseminar-modeling-social-behavior,2.375136137,2
248,https://west.uni-koblenz.de/en/studium/lehrveranstaltungen/ws1415/proseminar-data-mining-auf-gro%C3%9Fen-datenmengen,2.696154118,2
249,https://west.uni-koblenz.de/en/studium/lehrveranstaltungen/ss15/web-information-retrieval,4.027230501,2
250,https://west.uni-koblenz.de/en/studium/lehrveranstaltungen/ws1415/oberseminar,3.604206562,2
251,https://west.uni-koblenz.de/en/studium/lehrveranstaltungen/ws1415/mobile-sensor,3.718212605,2
252,https://west.uni-koblenz.de/en/studium/lehrveranstaltungen/ss15/recommender-systems,4.37825036,2
253,https://west.uni-koblenz.de/en/studium/lehrveranstaltungen/ws1415/machine-learning-and-data-mining,3.938225269,2
254,https://west.uni-koblenz.de/en/studium/lehrveranstaltungen/ws1415/introduction-to-web-science,4.051231623,2
255,https://west.uni-koblenz.de/en/studium/lehrveranstaltungen/ws1415/projektpraktikum,3.675210238,2
256,https://west.uni-koblenz.de/en/studium/lehrveranstaltungen/ws1415/AlgoDat,4.405252218,2
257,https://west.uni-koblenz.de/en/studium/lehrveranstaltungen/ws1415/seminar,2.838162422,2
258,https://west.uni-koblenz.de/en/studium/lehrveranstaltungen/ws1415/social-science-methodology-web-science-research,2.833162069,2
259,https://west.uni-koblenz.de/en/studium/lehrveranstaltungen/ss14/network-theory-and-dynamic-systems/network-theory-and-dynamic-systems,2.348134279,2
260,https://west.uni-koblenz.de/en/studium/lehrveranstaltungen/ss14/computational-social-science/computational-social-science,3.085176229,2
261,https://west.uni-koblenz.de/en/studium/lehrveranstaltungen/ss14/advanced-data-modeling/advanced-data-modeling,3.410194874,2
262,https://west.uni-koblenz.de/en/studium/lehrveranstaltungen/ss14/oberseminar/oberseminar,2.656151772,2
263,https://west.uni-koblenz.de/en/studium/lehrveranstaltungen/ws1415/team-and-leadership-training,3.569204092,2
264,https://west.uni-koblenz.de/en/studium/lehrveranstaltungen/ss14/forschungspraktikum/forschungspraktikum,3.338190794,2
265,https://west.uni-koblenz.de/en/studium/lehrveranstaltungen/ss14/projektpraktikum/projektpraktikum,2.745157242,2
266,https://west.uni-koblenz.de/en/studium/lehrveranstaltungen/ss14/semantic-web/semantic-web,2.095119715,2
267,https://west.uni-koblenz.de/en/studium/lehrveranstaltungen/ss14/web-retrieval/web-retrieval,3.393194199,2
268,https://west.uni-koblenz.de/en/studium/lehrveranstaltungen/ws1314/MobileSensorsForschungspraktikum,3.690210819,2
269,https://west.uni-koblenz.de/en/studium/lehrveranstaltungen/ws1314/MLaDM/MLaDM,3.503200531,2
270,https://west.uni-koblenz.de/en/studium/lehrveranstaltungen/ws1314/MobileSensors,4.070232868,2
271,https://west.uni-koblenz.de/en/studium/lehrveranstaltungen/ss13/seminar-semantic-web,3.232184887,2
272,https://west.uni-koblenz.de/en/studium/lehrveranstaltungen/ws1314/introduction-to-web-science/WebScience,4.693268299,2
273,https://west.uni-koblenz.de/en/studium/lehrveranstaltungen/ws1314/GdDB/GdDB,4.826276064,2
274,https://west.uni-koblenz.de/en/studium/lehrveranstaltungen/ss13/webir2013,4.160237789,2
275,https://west.uni-koblenz.de/en/studium/lehrveranstaltungen/ss13/network-theory-and-dynamic-systems,3.971227169,2
276,https://west.uni-koblenz.de/en/studium/lehrveranstaltungen/ss14/data-science/data-science1,7.242414474,2
277,https://west.uni-koblenz.de/en/studium/lehrveranstaltungen/ss13/projektpraktikum-eyetracking-game-2,4.014229536,2
278,https://west.uni-koblenz.de/en/studium/lehrveranstaltungen/ws1314/online-crowd-behavior-and-production/online-crowd-behavior-and-production%2520,5.017286777,2
279,https://west.uni-koblenz.de/en/studium/lehrveranstaltungen/ss13/semantic-web,4.150237322,2
280,https://west.uni-koblenz.de/en/studium/lehrveranstaltungen/ss13/proseminar-soziale-netzwerke,4.273244381,2
281,https://west.uni-koblenz.de/en/studium/lehrveranstaltungen/ss14/seminar/seminar,5.940339804,2
282,https://west.uni-koblenz.de/en/studium/lehrveranstaltungen/ws1314/LinkedData,5.242299795,2
283,https://west.uni-koblenz.de/en/studium/lehrveranstaltungen/ss13/seminar-web-retrieval,4.370249987,2
284,https://west.uni-koblenz.de/en/studium/lehrveranstaltungen/ss13/SocialWebAndBibliometrics,2.582147837,2
285,https://west.uni-koblenz.de/en/studium/lehrveranstaltungen/ws1314/AlgoDat,6.002343416,2
286,https://west.uni-koblenz.de/en/studium/lehrveranstaltungen/ss13/advanced-data-modeling,5.331304789,2
287,https://west.uni-koblenz.de/en/studium/lehrveranstaltungen/ws1213/datenbanken,2.301131964,2
288,https://west.uni-koblenz.de/en/studium/lehrveranstaltungen/ws1213/webscience,1.959111929,2
289,https://west.uni-koblenz.de/en/studium/lehrveranstaltungen/ws1213/algodat,2.863163471,2
290,https://west.uni-koblenz.de/en/studium/lehrveranstaltungen/ws1213/machinelearning,1.916109562,2
291,https://west.uni-koblenz.de/en/studium/lehrveranstaltungen/ws1213/pp-mobile-sensing,2.128121614,2
292,https://west.uni-koblenz.de/en/studium/lehrveranstaltungen/ws1213/seminar-web-science,2.410137892,2
293,https://west.uni-koblenz.de/en/studium/lehrveranstaltungen/ws1213/pp-linked-data,2.77615881,2
294,https://west.uni-koblenz.de/en/studium/lehrveranstaltungen/ss12/ntds,2.538145065,2
295,https://west.uni-koblenz.de/en/studium/lehrveranstaltungen/ss12/proseminar-soziale-netzwerke,2.562146425,2
296,https://west.uni-koblenz.de/en/studium/lehrveranstaltungen/ws1213/seminar-web-retrieval,2.923167229,2
297,https://west.uni-koblenz.de/en/studium/lehrveranstaltungen/ss12/advanced-data-modeling,2.889165401,2
298,https://west.uni-koblenz.de/en/studium/lehrveranstaltungen/ss14/proseminar/proseminar,0,2
299,https://west.uni-koblenz.de/en/studium/lehrveranstaltungen/ss11/projektpraktikum-lod,3.442197084,2
300,https://west.uni-koblenz.de/en/studium/lehrveranstaltungen/ss11/sw11,3.383193731,2
301,https://west.uni-koblenz.de/en/studium/lehrveranstaltungen/ws1011/lod-projektpraktikum,1.833104849,2
302,https://west.uni-koblenz.de/en/studium/lehrveranstaltungen/ss11/forschungspraktikum-eyetracking-spiel,3.643208027,2
303,https://west.uni-koblenz.de/en/studium/lehrveranstaltungen/ss11/seminareyetracking,3.727213383,2
304,https://west.uni-koblenz.de/en/studium/lehrveranstaltungen/ss12/webir2012,4.084233761,2
305,https://west.uni-koblenz.de/en/studium/lehrveranstaltungen/ss12/seminarir,4.208240747,2
306,https://west.uni-koblenz.de/en/studium/lehrveranstaltungen/ss11/web-retrieval,3.233184814,2
307,https://west.uni-koblenz.de/en/studium/lehrveranstaltungen/ws1011/Datenbanken,3.331190348,2
308,https://west.uni-koblenz.de/en/studium/lehrveranstaltungen/ws1011/interaktive-multimediasysteme,3.223184347,2
309,https://west.uni-koblenz.de/en/studium/lehrveranstaltungen/ws1011/aud,3.019172668,2
310,https://west.uni-koblenz.de/en/studium/lehrveranstaltungen/ss11/adm11/adm_page,4.287245035,2
311,https://west.uni-koblenz.de/en/studium/lehrveranstaltungen/SS10/sw10,2.453140259,2
312,https://west.uni-koblenz.de/en/studium/lehrveranstaltungen/SS10/imageatlas,2.603148699,2
313,https://west.uni-koblenz.de/en/studium/lehrveranstaltungen/SS10/mmdb10,2.810160637,2
314,https://west.uni-koblenz.de/en/studium/lehrveranstaltungen/SS10/FlashSearchEngine,3.01517272,2
315,https://west.uni-koblenz.de/en/studium/lehrveranstaltungen/SS10/adm10,3.133179426,2
316,https://west.uni-koblenz.de/en/studium/lehrveranstaltungen/ws1112/aud,5.373307467,2
317,https://west.uni-koblenz.de/en/studium/lehrveranstaltungen/ws0910/proseminar,4.405251741,2
318,https://west.uni-koblenz.de/en/studium/lehrveranstaltungen/SS09/adm09,4.437253952,2
319,https://west.uni-koblenz.de/en/studium/lehrveranstaltungen/WS0809/algods0809,3.534202099,2
320,https://west.uni-koblenz.de/en/studium/lehrveranstaltungen/SS09/mmdb09,4.022230148,2
321,https://west.uni-koblenz.de/en/studium/lehrveranstaltungen/ws0910/imageatlas,5.145294428,2
322,https://west.uni-koblenz.de/en/studium/lehrveranstaltungen/SS10/wr10,5.33330512,2
323,https://west.uni-koblenz.de/en/studium/lehrveranstaltungen/ws0910/interaktive-multimediasysteme,5.508314848,2
324,https://west.uni-koblenz.de/en/studium/lehrveranstaltungen/ws0910/projektpraktikum-semantic-webportal-ii,5.416309595,2
325,https://west.uni-koblenz.de/en/studium/lehrveranstaltungen/SS10/sow10,6.032344818,2
326,https://west.uni-koblenz.de/en/studium/lehrveranstaltungen/ws0910/websci-sem,5.53431654,2
327,https://west.uni-koblenz.de/en/studium/lehrveranstaltungen/WS0809/Datenbanken,4.452254772,2
328,https://west.uni-koblenz.de/en/studium/lehrveranstaltungen/ws0910/Datenbanken,6.111349583,2
329,https://west.uni-koblenz.de/en/studium/lehrveranstaltungen/ws0910/aud,6.227356195,2
330,https://west.uni-koblenz.de/en/studium/lehrveranstaltungen/SS09/info-retrieval-09,5.680324793,2
331,https://west.uni-koblenz.de/en/studium/lehrveranstaltungen/SS09/sw09,5.095291376,2
332,https://west.uni-koblenz.de/en/studium/lehrveranstaltungen/ws1112/Datenbanken,10.18158245,2
333,https://west.uni-koblenz.de/en/studium/lehrveranstaltungen/SS09/imageatlas,5.310303688,2
334,https://west.uni-koblenz.de/en/studium/lehrveranstaltungen/SS09/RichClientApplications,6.075347424,2
335,https://west.uni-koblenz.de/en/studium/lehrveranstaltungen/SS09/SeminarControlTrustPrivacy,5.316304207,2
336,https://west.uni-koblenz.de/en/studium/lehrveranstaltungen/WS0809/ims,2.154123306,2
337,https://west.uni-koblenz.de/en/studium/lehrveranstaltungen/WS0809/swp,2.240128279,2
338,https://west.uni-koblenz.de/en/studium/lehrveranstaltungen/SS08/myTag,1.746099949,2
339,https://west.uni-koblenz.de/en/studium/lehrveranstaltungen/SS08/adm08,2.343134165,2
340,https://west.uni-koblenz.de/en/studium/lehrveranstaltungen/WS0809/seminar-interaktive-medien,2.690153599,2
341,https://west.uni-koblenz.de/en/studium/lehrveranstaltungen/SS08/ir08,2.42313838,2
342,https://west.uni-koblenz.de/en/studium/lehrveranstaltungen/WS0708/DB_Praxis,1.973112822,2
343,https://west.uni-koblenz.de/en/studium/lehrveranstaltungen/SS08/mmdb08,2.712155104,2
344,https://west.uni-koblenz.de/en/studium/lehrveranstaltungen/SS08/SeminarMOST,2.56014657,2
345,https://west.uni-koblenz.de/en/studium/lehrveranstaltungen/WS0708/SemWeb07,2.356134653,2
346,https://west.uni-koblenz.de/en/studium/lehrveranstaltungen/WS0708/DB,2.660151958,2
347,https://west.uni-koblenz.de/en/studium/lehrveranstaltungen/WS0708/SeminarSOA,2.55114603,2
348,https://west.uni-koblenz.de/en/studium/lehrveranstaltungen/SS07/WebMining,2.352134466,2
349,https://west.uni-koblenz.de/en/studium/lehrveranstaltungen/SS07/mytag,2.747156858,2
350,https://west.uni-koblenz.de/en/studium/lehrveranstaltungen/SS07/pp_services,2.805160284,2
351,https://west.uni-koblenz.de/en/studium/lehrveranstaltungen/WS0607/DB_Praxis,2.564146757,2
352,https://west.uni-koblenz.de/en/studium/lehrveranstaltungen/WS0708/SeminarWeb20,3.084176302,2
353,https://west.uni-koblenz.de/en/studium/lehrveranstaltungen/SS07/seminarProvTrust,2.988170862,2
354,https://west.uni-koblenz.de/en/studium/lehrveranstaltungen/WS0607/p2p_ws0607,2.469141245,2
355,https://west.uni-koblenz.de/en/studium/lehrveranstaltungen/WS0607/Datenbanken1,3.097177029,2
356,https://west.uni-koblenz.de/en/studium/lehrveranstaltungen/WS0607/MMGrid2,2.450139999,2
357,https://west.uni-koblenz.de/en/studium/lehrveranstaltungen/WS0607/seminarSNA,2.539145231,2
358,https://west.uni-koblenz.de/en/studium/lehrveranstaltungen/SS2006/InfoIM,2.470141411,2
359,https://west.uni-koblenz.de/en/studium/lehrveranstaltungen/WS0506/DB_Praxis,2.053117275,2
360,https://west.uni-koblenz.de/en/studium/lehrveranstaltungen/ws0910/websci,0,2
361,https://west.uni-koblenz.de/en/studium/lehrveranstaltungen/WS0506/MultimediaGrid,2.018115282,2
362,https://west.uni-koblenz.de/en/studium/lehrveranstaltungen/SS2006/seminarPIM,2.768158436,2
363,https://west.uni-koblenz.de/en/studium/lehrveranstaltungen/WS0506/dbI,2.468141079,2
364,https://west.uni-koblenz.de/en/studium/lehrveranstaltungen/SS2005/DB2,2.173124313,2
365,https://west.uni-koblenz.de/en/studium/lehrveranstaltungen/SS2006/multimediaDB,3.227184534,2
366,https://west.uni-koblenz.de/en/studium/lehrveranstaltungen/SS2006/seminarWM,3.062175274,2
367,https://west.uni-koblenz.de/en/studium/lehrveranstaltungen/WS0405/DB,2.232127666,2
368,https://west.uni-koblenz.de/en/studium/lehrveranstaltungen/SS2005/SemWeb,2.756157637,2
369,https://west.uni-koblenz.de/en/studium/lehrveranstaltungen/WS0405/seminar_semGrid,2.279130459,2
370,https://west.uni-koblenz.de/en/studium/lehrveranstaltungen/SS2005/seminar_semZaM,2.666152477,2
371,https://west.uni-koblenz.de/en/user?current=node/139,2.421138525,2
372,https://west.uni-koblenz.de/de/ueber-uns/socialmedia,2.661152363,2
373,https://west.uni-koblenz.de/en/user?current=node/4526,2.928167582,2
374,https://west.uni-koblenz.de/de/ueber-uns/mission-statement,3.16518116,2
375,https://west.uni-koblenz.de/en/user?current=node/129,3.103177547,2
376,https://west.uni-koblenz.de/en/studium/lehrveranstaltungen/WS0607/IR_WS0607,6.637379408,2
377,https://west.uni-koblenz.de/en/user?current=node/94,2.791159868,2
378,https://west.uni-koblenz.de/de/dienstleistungen/software,2.66215229,2
379,https://west.uni-koblenz.de/en/user?current=node/134,3.162180901,2
380,https://west.uni-koblenz.de/en/research/research-topics/software-and-services-web,4.282244921,2
381,https://west.uni-koblenz.de/de/forschung/datensaetze/schemex,3.415195465,2
382,https://west.uni-koblenz.de/en/research/research-topics/interactive-web-and-human-computing,4.877278805,2
383,https://west.uni-koblenz.de/de/research/software/folksim,3.576204538,2
384,https://west.uni-koblenz.de/en/research/research-topics/semantic-web,5.402309179,2
385,https://west.uni-koblenz.de/de/research/software/stevie,4.217241287,2
386,https://west.uni-koblenz.de/de/research/software/stevie,4.551260471,2
387,https://west.uni-koblenz.de/de/events,6.842391253,2
388,https://west.uni-koblenz.de/de/research/software/dgoaf,3.614206791,2
389,https://west.uni-koblenz.de/de/research/software/process-ontology,4.201240301,2
390,https://west.uni-koblenz.de/de/forschung/datensaetze,5.966341019,2
391,https://west.uni-koblenz.de/en/user?current=node/132,3.653208971,2
392,https://west.uni-koblenz.de/de/forschung/forschungsthemen,3.719212532,2
393,https://west.uni-koblenz.de/de/research/software/twouse,4.138236523,2
394,https://west.uni-koblenz.de/en/about-us/team/dr-florian-lemmerich,2.827161789,2
395,https://west.uni-koblenz.de/en/user?current=node/3578,0,2
396,https://west.uni-koblenz.de/en/about-us/team/dr-chandan-kumar,4.146236897,2
397,https://west.uni-koblenz.de/en/research/research-topics/social-web-and-web-retrieval,0,2
398,https://west.uni-koblenz.de/en/about-us/team/korok-sengupta,4.758271933,2
399,https://west.uni-koblenz.de/en/about-us/team/raphael-menges,5.04628849,2
400,https://west.uni-koblenz.de/en/about-us/team/dominik-brosius,4.657266378,2
401,https://west.uni-koblenz.de/en/about-us/team/jprof-dr-claudia-wagner,7.35242033,2
402,https://west.uni-koblenz.de/en/research/researchtopics/web-science-and-management,4.171238422,2
403,https://west.uni-koblenz.de/sites/default/files/research/datasets/evaluation_test-rig.zip,10.84962058,2
404,https://west.uni-koblenz.de/en/node/22,5.408309221,2
405,https://west.uni-koblenz.de/en/research/researchtopics/computational-social-science,7.793445826,2
406,https://west.uni-koblenz.de/en/node/4495,4.883279324,2
407,https://west.uni-koblenz.de/en/node/4495,5.658323288,2
408,https://west.uni-koblenz.de/en/node/14,6.439368486,2
409,https://west.uni-koblenz.de/en/about-us/team/dr-mahdi-bohlouli,2.803160191,2
410,https://west.uni-koblenz.de/en/node/14,5.191297054,2
411,https://west.uni-koblenz.de/en/node/14,7.56743288,2
412,https://west.uni-koblenz.de/en/ueber-uns/team/lukas-schmelzeisen,2.514143705,2
413,https://west.uni-koblenz.de/en/user?current=node/3565,2.348134279,2
414,https://west.uni-koblenz.de/en/node/4952,7.007400513,2
415,https://west.uni-koblenz.de/en/about-us/team/jun-sun,2.666152477,2
416,https://west.uni-koblenz.de/de/research/software/mobilefacets,0,2
417,https://west.uni-koblenz.de/en/node/14,4.157237768,2
418,https://west.uni-koblenz.de/de/forschung/forschungsprojekte,2.232127666,2
419,https://west.uni-koblenz.de/en/research/co-inform,2.280130625,2
420,https://west.uni-koblenz.de/en/research/co-inform,2.334133625,2
421,https://west.uni-koblenz.de/en/node/3593,7.912452698,2
422,https://west.uni-koblenz.de/en/research/co-inform,2.552145958,2
423,https://west.uni-koblenz.de/en/research/cutler,2.670152664,2
424,https://west.uni-koblenz.de/en/research/cutler,2.795160055,2
425,https://west.uni-koblenz.de/en/research/cutler,2.711154938,2
426,https://west.uni-koblenz.de/en/research/gazemining,2.532145023,2
427,https://west.uni-koblenz.de/en/research/gazemining,2.584147692,2
428,https://west.uni-koblenz.de/en/research/liseq,2.546145439,2
429,https://west.uni-koblenz.de/en/research/gazemining,2.72815609,2
430,https://west.uni-koblenz.de/en/research/dfg-project-corg-cognitive-reasoning,2.154123306,2
431,https://west.uni-koblenz.de/en/research/caml,2.151122808,2
432,https://west.uni-koblenz.de/en/research/liseq,2.511143684,2
433,https://west.uni-koblenz.de/en/research/e-democracy,1.939110756,2
434,https://west.uni-koblenz.de/en/research/e-democracy,2.723155737,2
435,https://west.uni-koblenz.de/en/research/e-democracy,3.061175108,2
436,https://west.uni-koblenz.de/en/research/dfg-project-corg-cognitive-reasoning,3.835219622,2
437,https://west.uni-koblenz.de/en/research/caml,3.543202639,2
438,https://west.uni-koblenz.de/en/research/caml,3.407195091,2
439,https://west.uni-koblenz.de/en/research/liseq,4.524258852,2
440,https://west.uni-koblenz.de/en/research/evowipe,2.868164063,2
441,https://west.uni-koblenz.de/en/research/evowipe,3.220184326,2
442,https://west.uni-koblenz.de/en/ueber-uns/team/jprof-dr-mario-schaarschmidt,0,2
443,https://west.uni-koblenz.de/en/research/evowipe,3.72221303,2
444,https://west.uni-koblenz.de/en/research/koldfish,3.053174734,2
445,https://west.uni-koblenz.de/en/research/koldfish,3.110177755,2
446,https://west.uni-koblenz.de/en/research/excite,3.709212065,2
447,https://west.uni-koblenz.de/en/research/excite,3.5972054,2
448,https://west.uni-koblenz.de/en/research/mamem,3.119178534,2
449,https://west.uni-koblenz.de/en/research/koldfish,3.436196566,2
450,https://west.uni-koblenz.de/en/research/mamem,3.389193535,2
451,https://west.uni-koblenz.de/en/research/gazetheweb,3.095177174,2
452,https://west.uni-koblenz.de/en/research/gazetheweb,2.133121967,2
453,https://west.uni-koblenz.de/en/research/excite,4.209240675,2
454,https://west.uni-koblenz.de/en/research/reveal,2.270129919,2
455,https://west.uni-koblenz.de/en/research/social-information-processing,2.385136366,2
456,https://west.uni-koblenz.de/en/research/social-information-processing,2.456140518,2
457,https://west.uni-koblenz.de/en/research/social-information-processing,2.539145231,2
458,https://west.uni-koblenz.de/en/research/reveal,2.401137114,2
459,https://west.uni-koblenz.de/en/research/reveal,1.990113735,2
460,https://west.uni-koblenz.de/en/research/schau-genau,1.678096056,2
461,https://west.uni-koblenz.de/en/research/schau-genau,2.117120981,2
462,https://west.uni-koblenz.de/en/research/robust,1.850105762,2
463,https://west.uni-koblenz.de/en/research/schau-genau,2.10812068,2
464,https://west.uni-koblenz.de/en/research/mamem,5.063289642,2
465,https://west.uni-koblenz.de/en/research/gazetheweb,3.898223162,2
466,https://west.uni-koblenz.de/en/research/robust,3.086176634,2
467,https://west.uni-koblenz.de/en/research/eventmedia,2.62615037,2
468,https://west.uni-koblenz.de/en/research/wegov,3.155180216,2
469,https://west.uni-koblenz.de/en/research/eventmedia,2.72515583,2
470,https://west.uni-koblenz.de/en/research/eventmedia,2.810160637,2
471,https://west.uni-koblenz.de/en/research/robust,3.569204092,2
472,https://west.uni-koblenz.de/en/research/wegov,3.209183693,2
473,https://west.uni-koblenz.de/en/research/wegov,3.435196638,2
474,https://west.uni-koblenz.de/en/research/most,2.792159557,2
475,https://west.uni-koblenz.de/en/research/synthetic-documents,2.913166523,2
476,https://west.uni-koblenz.de/en/research/multilingual-retrieval,2.862163544,2
477,https://west.uni-koblenz.de/en/research/most,3.591205359,2
478,https://west.uni-koblenz.de/en/research/multilingual-retrieval,3.318189859,2
479,https://west.uni-koblenz.de/en/research/multilingual-retrieval,3.241185665,2
480,https://west.uni-koblenz.de/en/research/neon,3.266186714,2
481,https://west.uni-koblenz.de/en/research/neon,2.841162682,2
482,https://west.uni-koblenz.de/en/research/neon,2.740157127,2
483,https://west.uni-koblenz.de/en/research/most,4.074233055,2
484,https://west.uni-koblenz.de/en/research/x-media,2.224127293,2
485,https://west.uni-koblenz.de/en/research/x-media,2.28813076,2
486,https://west.uni-koblenz.de/en/research/acemedia,1.953111887,2
487,https://west.uni-koblenz.de/en/research/tagora,2.278130054,2
488,https://west.uni-koblenz.de/en/research/acemedia,2.492142677,2
489,https://west.uni-koblenz.de/en/research/soainvo,1.999114275,2
490,https://west.uni-koblenz.de/en/research/x-media,3.362192154,2
491,https://west.uni-koblenz.de/en/research/tagora,3.06017518,2
492,https://west.uni-koblenz.de/en/research/soainvo,2.088119507,2
493,https://west.uni-koblenz.de/en/research/tagora,3.389193773,2
494,https://west.uni-koblenz.de/en/research/synthetic-documents,5.568318367,2
495,https://west.uni-koblenz.de/en/research/soainvo,2.986170769,2
496,https://west.uni-koblenz.de/en/research/asg,2.31513238,2
497,https://west.uni-koblenz.de/en/research/asg,2.253128767,2
498,https://west.uni-koblenz.de/en/research/asg,2.864163876,2
499,https://west.uni-koblenz.de/en/research/collabcloud,2.622150183,2
500,https://west.uni-koblenz.de/en/research/k-space,2.936167955,2
501,https://west.uni-koblenz.de/en/research/k-space,2.87516427,2
502,https://west.uni-koblenz.de/en/research/k-space,3.048174381,2
503,https://west.uni-koblenz.de/en/research/collabcloud,2.592148066,2
504,https://west.uni-koblenz.de/en/research/multipla,2.673153162,2
505,https://west.uni-koblenz.de/en/research/collabcloud,2.945168257,2
506,https://west.uni-koblenz.de/en/research/multipla,2.266129732,2
507,https://west.uni-koblenz.de/en/research/multipla,2.175124168,2
508,https://west.uni-koblenz.de/en/research/socialsensor,2.227127552,2
509,https://west.uni-koblenz.de/en/research/socialsensor,2.217126608,2
510,https://west.uni-koblenz.de/en/research/sense4us,2.563146591,2
511,https://west.uni-koblenz.de/en/research/acemedia,5.70132637,2
512,https://west.uni-koblenz.de/en/research/socialsensor,2.818161249,2
513,https://west.uni-koblenz.de/en/research/sense4us,2.509143591,2
514,https://west.uni-koblenz.de/en/research/sense4us,2.520143986,2
515,https://west.uni-koblenz.de/en/research/weknowit,2.394136906,2
516,https://west.uni-koblenz.de/en/research/weknowit,2.032116413,2
517,https://west.uni-koblenz.de/en/research/net2,1.913109541,2
518,https://west.uni-koblenz.de/en/research/uml-owl-model-software,2.211126566,2
519,https://west.uni-koblenz.de/en/research/uml-owl-model-software,2.250128508,2
520,https://west.uni-koblenz.de/en/research/uml-owl-model-software,2.396137238,2
521,https://west.uni-koblenz.de/en/user?current=node/215,1.486085176,2
522,https://west.uni-koblenz.de/en/research/livegov,2.521144152,2
523,https://west.uni-koblenz.de/en/research/livegov,2.40813756,2
524,https://west.uni-koblenz.de/en/research/livegov,2.441139698,2
525,https://west.uni-koblenz.de/en/research/net2,3.099177361,2
526,https://west.uni-koblenz.de/en/research/synthetic-documents,0,2
527,https://west.uni-koblenz.de/en/research/net2,3.226184607,2
528,https://west.uni-koblenz.de/en/about-us/team/dina-veronika-lieder,1.941111088,2
529,https://west.uni-koblenz.de/en/about-us/team/dina-veronika-lieder,2.124121428,2
530,https://west.uni-koblenz.de/en/research/komepol,2.42313838,2
531,https://west.uni-koblenz.de/en/about-us/team/silke-werger,1.94411087,2
532,https://west.uni-koblenz.de/en/about-us/team/silke-werger,2.107120752,2
533,https://west.uni-koblenz.de/en/about-us/team/dr-zeyd-boukhers,1.708097935,2
534,https://west.uni-koblenz.de/en/b%C3%BCro/b-114-1,1.358077526,2
535,https://west.uni-koblenz.de/en/about-us/team/dr-zeyd-boukhers,1.695096731,2
536,https://west.uni-koblenz.de/en/about-us/team/prof-dr-steffen-staab,2.78215909,2
537,https://west.uni-koblenz.de/en/b%C3%BCro/b-113-0,1.463083744,2
538,https://west.uni-koblenz.de/en/b%C3%BCro/b-112,1.1920681,2
539,https://west.uni-koblenz.de/en/about-us/team/dr-claudia-schon,1.618092775,2
540,https://west.uni-koblenz.de/en/b%C3%BCro/b-122,0.917052746,2
541,https://west.uni-koblenz.de/en/about-us/team/dr-tjitze-rienstra,1.236070871,2
542,https://west.uni-koblenz.de/en/about-us/team/martin-leinberger,1.718098402,2
543,https://west.uni-koblenz.de/en/b%C3%BCro/b-103,1.525087118,2
544,https://west.uni-koblenz.de/en/b%C3%BCro/b-104-1,1.54508853,2
545,https://west.uni-koblenz.de/en/b%C3%BCro/b-007-1,1.414081097,2
546,https://west.uni-koblenz.de/en/about-us/team/martin-leinberger,1.952111483,2
547,https://west.uni-koblenz.de/en/about-us/team/ipek-baris,1.777101517,2
548,https://west.uni-koblenz.de/en/about-us/team/ipek-baris,1.74009943,2
549,https://west.uni-koblenz.de/en/b%C3%BCro/b-007-1,1.776101589,2
550,https://west.uni-koblenz.de/en/b%C3%BCro/b-122,1.760100603,2
551,https://west.uni-koblenz.de/en/b%C3%BCro/b-104-1,1.78210187,2
552,https://west.uni-koblenz.de/en/ueber-uns/team/dr-fariba-karimi,2.332133293,2
553,https://west.uni-koblenz.de/en/ueber-uns/team/dr-fariba-karimi,2.484142065,2
554,https://west.uni-koblenz.de/en/about-us/team/dr-katharina-kinder-kurlanda,2.380136013,2
555,https://west.uni-koblenz.de/en/about-us/team/dr-katharina-kinder-kurlanda,2.36213541,2
556,https://west.uni-koblenz.de/en/b%C3%BCro/b-103,4.716269732,2
557,https://west.uni-koblenz.de/en/about-us/team/daniel-janke,5.004286051,2
558,https://west.uni-koblenz.de/en/research/weknowit,0,2
559,https://west.uni-koblenz.de/en/about-us/team/dr-matthias-thimm,6.090348482,2
560,https://west.uni-koblenz.de/en/about-us/team/dr-matthias-thimm,6.215355396,2
561,https://west.uni-koblenz.de/en/about-us/team/omar-aly,2.212126493,2
562,https://west.uni-koblenz.de/en/about-us/team/shriharsh-ambhore,2.353134632,2
563,https://west.uni-koblenz.de/en/about-us/team/shriharsh-ambhore,1.819103956,2
564,https://west.uni-koblenz.de/en/about-us/team/sabin-bhattarai,1.965112448,2
565,https://west.uni-koblenz.de/en/research/komepol,0,2
566,https://west.uni-koblenz.de/en/about-us/team/omar-aly,3.375193119,2
567,https://west.uni-koblenz.de/en/about-us/team/alex-baier,2.581147194,2
568,https://west.uni-koblenz.de/en/about-us/team/alex-baier,2.588148117,2
569,https://west.uni-koblenz.de/en/about-us/team/sabin-bhattarai,2.591148376,2
570,https://west.uni-koblenz.de/de/ueber-uns/team,0,2
571,https://west.uni-koblenz.de/en/about-us/team/jonas-englich,2.246128559,2
572,https://west.uni-koblenz.de/en/about-us/team/christopher-torsten-dreide,2.540145397,2
573,https://west.uni-koblenz.de/en/about-us/team/jonas-englich,2.260129452,2
574,https://west.uni-koblenz.de/en/research/komepol,11.1706388,2
575,https://west.uni-koblenz.de/en/about-us/team/anna-gessler,1.981113434,2
576,https://west.uni-koblenz.de/en/about-us/team/anna-gessler,1.808103085,2
577,https://west.uni-koblenz.de/en/about-us/team/robert-julien-claude-kohnen,1.619092703,2
578,https://west.uni-koblenz.de/en/about-us/team/robert-julien-claude-kohnen,2.057117701,2
579,https://west.uni-koblenz.de/en/about-us/team/dr-claudia-schon,0,2
580,https://west.uni-koblenz.de/en/b%C3%BCro/b124,0,2
581,https://west.uni-koblenz.de/en/about-us/team/steven-kolzer,2.411137819,2
582,https://west.uni-koblenz.de/en/about-us/team/steven-kolzer,2.542145491,2
583,https://west.uni-koblenz.de/en/about-us/team/eva-kreckel,2.414138079,2
584,https://west.uni-koblenz.de/en/personen-buro/b-218,0,2
585,https://west.uni-koblenz.de/en/about-us/team/adrian-sven-skubella,2.432139158,2
586,https://west.uni-koblenz.de/en/about-us/team/daniel-janke,0,2
587,https://west.uni-koblenz.de/en/about-us/team/philipp-tows,2.136122465,2
588,https://west.uni-koblenz.de/en/about-us/team/adrian-sven-skubella,2.452140331,2
589,https://west.uni-koblenz.de/en/about-us/team/tara-morovatdara,2.980170488,2
590,https://west.uni-koblenz.de/en/about-us/team/eva-kreckel,3.105177641,2
591,https://west.uni-koblenz.de/en/about-us/team/stefan-thiessen,2.492142439,2
592,https://west.uni-koblenz.de/en/about-us/team/daniel-mueller,3.016172409,2
593,https://west.uni-koblenz.de/en/about-us/team/daniel-volz,1.914109468,2
594,https://west.uni-koblenz.de/en/about-us/team/daniel-volz,1.927110195,2
595,https://west.uni-koblenz.de/en/about-us/team/dr-tjitze-rienstra,11.51665878,2
596,https://west.uni-koblenz.de/en/about-us/team/danniene-wete,1.836105108,2
597,https://west.uni-koblenz.de/en/ueber-uns/team/lisette-espin-noboa,1.508086205,2
598,https://west.uni-koblenz.de/en/about-us/team/behnam-ghavimi-0,2.020115614,2
599,https://west.uni-koblenz.de/en/about-us/team/matthias-lohr,2.600148678,2
600,https://west.uni-koblenz.de/en/ueber-uns/team/dimitar-dimitrov,2.509143353,2
601,https://west.uni-koblenz.de/en/about-us/team/daniel-mueller,5.931339264,2
602,https://west.uni-koblenz.de/en/ueber-uns/team/dimitar-dimitrov,3.11717844,2
603,https://west.uni-koblenz.de/en/about-us/team/anna-samoilenko,2.497142792,2
604,https://west.uni-koblenz.de/en/ueber-uns/team/timo-homburg,3.182182074,2
605,https://west.uni-koblenz.de/en/ueber-uns/team/mohsen-jadidi,2.818161249,2
606,https://west.uni-koblenz.de/en/about-us/team/anna-samoilenko,2.647151232,2
607,https://west.uni-koblenz.de/en/ueber-uns/team/timo-homburg,3.32118988,2
608,https://west.uni-koblenz.de/en/about-us/team/matthias-lohr,3.653208733,2
609,https://west.uni-koblenz.de/en/about-us/team/stefan-thiessen,6.096348763,2
610,https://west.uni-koblenz.de/en/ueber-uns/team/mohsen-jadidi,3.031173468,2
611,https://west.uni-koblenz.de/en/about-us/team/dr-ulrich-wechselberger,2.908166409,2
612,https://west.uni-koblenz.de/en/about-us/team/dr-ulrich-wechselberger,2.050117254,2
613,https://west.uni-koblenz.de/en/ueber-uns/team/prof-dr-marcin-grzegorzek,1.857106209,2
614,https://west.uni-koblenz.de/en/ueber-uns/team/prof-dr-marcin-grzegorzek,1.756100416,2
615,https://west.uni-koblenz.de/en/about-us/team/prof-dr-habil-ansgar-scherp,1.384078979,2
616,https://west.uni-koblenz.de/en/about-us/team/behnam-ghavimi-0,4.799274445,2
617,https://west.uni-koblenz.de/en/about-us/team/christopher-torsten-dreide,0,2
618,https://west.uni-koblenz.de/en/about-us/team/prof-dr-habil-ansgar-scherp,1.539088249,2
619,https://west.uni-koblenz.de/en/about-us/team/prof-dr-dr-sergej-sizov,1.487085342,2
620,https://west.uni-koblenz.de/en/ueber-uns/team/dr-rabeeh-abbasi,2.147122622,2
621,https://west.uni-koblenz.de/en/ueber-uns/team/dr-rabeeh-abbasi,2.219126701,2
622,https://west.uni-koblenz.de/en/ueber-uns/team/dr-klaas-dellschaft,2.654151917,2
623,https://west.uni-koblenz.de/en/ueber-uns/team/dr-thomas-franz,2.520143986,2
624,https://west.uni-koblenz.de/en/ueber-uns/team/prof-dr-york-sure-vetter,3.020172834,2
625,https://west.uni-koblenz.de/en/ueber-uns/team/dr-thomas-franz,2.704154491,2
626,https://west.uni-koblenz.de/en/about-us/team/prof-dr-dr-sergej-sizov,3.377193213,2
627,https://west.uni-koblenz.de/en/ueber-uns/team/dr-gerd-gr%C3%B6ner,2.219127178,2
628,https://west.uni-koblenz.de/en/ueber-uns/team/dr-klaas-dellschaft,3.082176208,2
629,https://west.uni-koblenz.de/en/ueber-uns/team/prof-dr-york-sure-vetter,3.399194479,2
630,https://west.uni-koblenz.de/en/ueber-uns/team/dr-olaf-goerlitz,2.747157097,2
631,https://west.uni-koblenz.de/en/ueber-uns/team/dr-gerd-gr%C3%B6ner,2.390136719,2
632,https://west.uni-koblenz.de/en/about-us/team/tara-morovatdara,0,2
633,https://west.uni-koblenz.de/en/about-us/team/dr-heinrich-hartmann,2.587147713,2
634,https://west.uni-koblenz.de/en/ueber-uns/team/dr-olaf-goerlitz,2.999171495,2
635,https://west.uni-koblenz.de/en/ueber-uns/team/dr-daniel-hienert,1.868106604,2
636,https://west.uni-koblenz.de/en/about-us/team/dr-heinrich-hartmann,1.930110455,2
637,https://west.uni-koblenz.de/en/ueber-uns/team/dr-daniel-hienert,2.083118916,2
638,https://west.uni-koblenz.de/en/ueber-uns/team/lisette-espin-noboa,0,2
639,https://west.uni-koblenz.de/en/ueber-uns/team/dr-maciej-janik,3.055174589,2
640,https://west.uni-koblenz.de/en/ueber-uns/team/dr-maciej-janik,3.053174734,2
641,https://west.uni-koblenz.de/en/ueber-uns/team/dr-nasir-naveed,2.908166409,2
642,https://west.uni-koblenz.de/en/ueber-uns/team/giuseppe-pirro,2.439139605,2
643,https://west.uni-koblenz.de/en/ueber-uns/team/dr-fernando-silva-parreiras,3.048174381,2
644,https://west.uni-koblenz.de/en/about-us/team/martin-koerner,3.419195414,2
645,https://west.uni-koblenz.de/en/about-us/team/philipp-tows,11.67866802,2
646,https://west.uni-koblenz.de/en/about-us/team/martin-koerner,3.716212749,2
647,https://west.uni-koblenz.de/en/about-us/team/dr-julia-perl,3.201183081,2
648,https://west.uni-koblenz.de/en/ueber-uns/team/dr-tina-walber,2.093119621,2
649,https://west.uni-koblenz.de/en/ueber-uns/team/dr-christoph-ringelstein,2.895165443,2
650,https://west.uni-koblenz.de/en/ueber-uns/team/dr-christoph-ringelstein,2.894165516,2
651,https://west.uni-koblenz.de/en/ueber-uns/team/giuseppe-pirro,3.24318552,2
652,https://west.uni-koblenz.de/en/about-us/team/dr-thomas-gottron,6.256357908,2
653,https://west.uni-koblenz.de/en/about-us/team/dr-julia-perl,3.675210238,2
654,https://west.uni-koblenz.de/en/about-us/team/danniene-wete,11.64266586,2
655,https://west.uni-koblenz.de/en/ueber-uns/team/dr-benjamin-zapilko,1.765100956,2
656,https://west.uni-koblenz.de/en/ueber-uns/team/dr-tobias-walter,2.086119175,2
657,https://west.uni-koblenz.de/en/ueber-uns/team/dr-tina-walber,2.268129826,2
658,https://west.uni-koblenz.de/en/ueber-uns/team/dr-benjamin-zapilko,1.864106655,2
659,https://west.uni-koblenz.de/en/about-us/team/arifah-che-alhadi,1.823104143,2
660,https://west.uni-koblenz.de/en/ueber-uns/team/dr-fernando-silva-parreiras,5.649322987,2
661,https://west.uni-koblenz.de/en/ueber-uns/team/richard-arndt,2.57514739,2
662,https://west.uni-koblenz.de/en/ueber-uns/team/richard-arndt,2.609149218,2
663,https://west.uni-koblenz.de/en/ueber-uns/team/ruth-ehrenstein,2.164123535,2
664,https://west.uni-koblenz.de/en/about-us/team/arifah-che-alhadi,2.988170862,2
665,https://west.uni-koblenz.de/en/ueber-uns/team/noam-bercovici,2.855163336,2
666,https://west.uni-koblenz.de/en/ueber-uns/team/ruth-ehrenstein,2.655152082,2
667,https://west.uni-koblenz.de/en/ueber-uns/team/christian-hachenberg,2.647151232,2
668,https://west.uni-koblenz.de/en/ueber-uns/team/noam-bercovici,3.071175814,2
669,https://west.uni-koblenz.de/en/about-us/team/dr-renata-dividino,3.045174122,2
670,https://west.uni-koblenz.de/en/ueber-uns/team/christian-hachenberg,2.899165869,2
671,https://west.uni-koblenz.de/en/ueber-uns/team/alexander-kubias,2.135122061,2
672,https://west.uni-koblenz.de/en/ueber-uns/team/anja-hissnauer,2.413138151,2
673,https://west.uni-koblenz.de/en/ueber-uns/team/anja-hissnauer,2.423138618,2
674,https://west.uni-koblenz.de/en/ueber-uns/team/sebastian-magnus,2.28813076,2
675,https://west.uni-koblenz.de/en/ueber-uns/team/alexander-kubias,2.484142065,2
676,https://west.uni-koblenz.de/en/about-us/team/dr-thomas-gottron,0,2
677,https://west.uni-koblenz.de/en/ueber-uns/team/sebastian-magnus,2.747156858,2
678,https://west.uni-koblenz.de/en/ueber-uns/team/lisa-posch,2.655152082,2
679,https://west.uni-koblenz.de/en/ueber-uns/team/lisa-posch,2.538145065,2
680,https://west.uni-koblenz.de/en/ueber-uns/team/robert-naumann,3.005171776,2
681,https://west.uni-koblenz.de/en/ueber-uns/team/robert-naumann,3.196182728,2
682,https://west.uni-koblenz.de/en/about-us/team/felix-schwagereit,2.427138805,2
683,https://west.uni-koblenz.de/en/ueber-uns/team/carsten-saathoff,3.28518796,2
684,https://west.uni-koblenz.de/en/ueber-uns/team/bernhard-schueler,2.715155363,2
685,https://west.uni-koblenz.de/en/ueber-uns/team/simon-schenk,3.094177008,2
686,https://west.uni-koblenz.de/en/ueber-uns/team/simon-schenk,3.193182707,2
687,https://west.uni-koblenz.de/en/about-us/team/christoph-schaefer,3.506200314,2
688,https://west.uni-koblenz.de/en/about-us/team/christoph-schaefer,3.422195673,2
689,https://west.uni-koblenz.de/en/ueber-uns/team/carsten-saathoff,3.858220577,2
690,https://west.uni-koblenz.de/en/ueber-uns/team/antje-schultz,3.053174496,2
691,https://west.uni-koblenz.de/en/ueber-uns/team/antje-schultz,3.129179239,2
692,https://west.uni-koblenz.de/en/ueber-uns/team/bernhard-schueler,3.379193306,2
693,https://west.uni-koblenz.de/en/about-us/team/felix-schwagereit,2.858163357,2
694,https://west.uni-koblenz.de/en/ueber-uns/team/claudia-d-amato,1.905108929,2
695,https://west.uni-koblenz.de/en/ueber-uns/team/rita-berardi,1.565089464,2
696,https://west.uni-koblenz.de/en/ueber-uns/team/dr-nasir-naveed,10.96262717,2
697,https://west.uni-koblenz.de/en/ueber-uns/team/bernhard-tausch,2.261129379,2
698,https://west.uni-koblenz.de/en/ueber-uns/team/claudia-d-amato,1.992113829,2
699,https://west.uni-koblenz.de/en/ueber-uns/team/xiangru-chen,3.139179468,2
700,https://west.uni-koblenz.de/en/ueber-uns/team/jesualdo-tomas-fernandez-breis,3.517201185,2
701,https://west.uni-koblenz.de/en/about-us/team/dr-renata-dividino,0,2
702,https://west.uni-koblenz.de/en/ueber-uns/team/ermelinda-doro,3.773215532,2
703,https://west.uni-koblenz.de/en/ueber-uns/team/jesualdo-tomas-fernandez-breis,4.142236948,2
704,https://west.uni-koblenz.de/en/ueber-uns/team/massimo-ruffolo,3.89322257,2
705,https://west.uni-koblenz.de/en/ueber-uns/team/rita-berardi,4.469255686,2
706,https://west.uni-koblenz.de/en/ueber-uns/team/marcelo-schiessl,3.940225363,2
707,https://west.uni-koblenz.de/en/ueber-uns/team/wei-wang,3.522201538,2
708,https://west.uni-koblenz.de/en/ueber-uns/team/pedro-jose-vivancos-vicente,3.6962111,2
709,https://west.uni-koblenz.de/en/ueber-uns/team/pedro-jose-vivancos-vicente,3.681210518,2
710,https://west.uni-koblenz.de/en/ueber-uns/team/massimo-ruffolo,4.422252655,2
711,https://west.uni-koblenz.de/en/ueber-uns/team/io-taxidou,4.202240229,2
712,https://west.uni-koblenz.de/en/ueber-uns/team/wei-wang,4.987285376,2
713,https://west.uni-koblenz.de/en/ueber-uns/team/dr-tobias-walter,13.62677979,2
714,https://west.uni-koblenz.de/en/ueber-uns/team/ermelinda-doro,6.764386654,2
715,https://west.uni-koblenz.de/en/ueber-uns/team/marcelo-schiessl,6.55237484,2
716,https://west.uni-koblenz.de/en/ueber-uns/team/io-taxidou,6.647380114,2
717,https://west.uni-koblenz.de/en/ueber-uns/team/bernhard-tausch,0,2
718,https://west.uni-koblenz.de/en/ueber-uns/team/xiangru-chen,0,2
719,https://west.uni-koblenz.de/en/user?current=node/106,9.62755084,2
720,https://west.uni-koblenz.de/sites/default/files/publications/understanding-social-networks-using-transfer-learning.pdf,0,2
721,https://west.uni-koblenz.de/sites/default/files/publications/nopref.pdf,0,2
722,https://west.uni-koblenz.de/en/studium/theses/vorhersage-von-kampfergebnissen-im-echtzeit-strategiespiel-starcraft-ii-mittels,14.91885352,2
723,https://west.uni-koblenz.de/en/studium/theses/german-politicians-wikipedia,18.7650733,2
724,https://west.uni-koblenz.de/en/user?current=node/865,21.39822388,2
725,https://west.uni-koblenz.de/en/studium/theses/professions-wikipedia,19.63112307,2
726,https://west.uni-koblenz.de/en/studium/theses/evaluating-compression-strategies-databases,22.87630844,2
727,https://west.uni-koblenz.de/sites/default/files/publications/poster3-Sengupta.pdf,28.95565605,2
728,https://west.uni-koblenz.de/en/node/3606,25.68546915,2
729,https://west.uni-koblenz.de/sites/default/files/publications/GazeTheKey.pdf,50.91891241,2
730,https://west.uni-koblenz.de/sites/default/files/publications/generated_file_Intentional_Forgetting_in_Artificial_Intelligence_Systems_Perspectives_and_Challenges.pdf,58.7243588,2
731,https://west.uni-koblenz.de/sites/default/files/publications/wiki-talk-description.pdf,64.45868707,2
732,https://west.uni-koblenz.de/en/node/3606,22.04726124,2
733,https://west.uni-koblenz.de/de/studium/bachelor-theses,69.82299376,2
734,https://west.uni-koblenz.de/en/node/3606,22.31927657,2
735,https://west.uni-koblenz.de/sites/default/files/publications/Analyzing20the20impact20of20cognitive20load20in20gaze-based20typing.pdf,96.89254189,2
736,https://west.uni-koblenz.de/en/node/3606,24.00337315,2
737,https://west.uni-koblenz.de/sites/default/files/publications/DEW.pdf,113.3204815,2
738,https://west.uni-koblenz.de/de/forschung/publikationen,132.6325862,2
